ID,pred
0,0.91
1,0.89
2,0.08
3,0.32
4,0.38
5,0.17
6,0.45
7,0.05
8,0.02
9,0.06
10,0.14
11,0.38
12,0.3
13,0.2
14,0.22
15,0.27
16,0.13
17,0.02
18,0.04
19,0.17
20,0.02
21,0.08
22,0.0
23,0.5
24,0.22
25,0.05
26,0.23
27,0.19
28,0.27
29,0.04
30,0.23
31,0.3
32,0.05
33,0.01
34,0.01
35,0.0
36,0.24
37,0.0
38,0.05
39,0.58
40,0.08
41,0.78
42,0.65
43,0.13
44,0.13
45,0.37
46,0.22
47,0.1
48,0.04
49,0.45
50,0.13
51,0.71
52,0.01
53,0.23
54,0.0
55,0.07
56,0.04
57,0.06
58,0.49
59,0.2
60,0.08
61,0.06
62,0.07
63,0.34
64,0.84
65,0.13
66,0.87
67,0.65
68,0.24
69,0.02
70,0.43
71,0.1
72,0.56
73,0.07
74,0.04
75,0.25
76,0.0
77,0.1
78,0.0
79,0.68
80,0.14
81,0.14
82,0.2
83,0.16
84,0.06
85,0.0
86,0.51
87,0.38
88,0.66
89,0.06
90,0.02
91,0.1
92,0.62
93,0.03
94,0.6
95,0.05
96,0.47
97,0.03
98,0.81
99,0.0
100,0.2
101,0.0
102,0.05
103,0.06
104,0.18
105,0.56
106,0.16
107,0.03
108,0.12
109,0.01
110,0.23
111,0.26
112,0.08
113,0.08
114,0.23
115,0.18
116,0.06
117,0.19
118,0.01
119,0.0
120,0.32
121,0.04
122,0.02
123,0.06
124,0.29
125,0.5
126,0.08
127,0.72
128,0.19
129,0.12
130,0.12
131,0.8
132,0.32
133,0.37
134,0.15
135,0.13
136,0.53
137,0.08
138,0.28
139,0.03
140,0.05
141,0.5
142,0.85
143,0.76
144,0.18
145,0.04
146,0.21
147,0.06
148,0.39
149,0.42
150,0.07
151,0.11
152,0.23
153,0.21
154,0.04
155,0.37
156,0.0
157,0.08
158,0.06
159,0.14
160,0.47
161,0.62
162,0.02
163,0.24
164,0.02
165,0.21
166,0.01
167,0.09
168,0.19
169,0.35
170,0.06
171,0.09
172,0.06
173,0.01
174,0.26
175,0.38
176,0.22
177,0.0
178,0.78
179,0.13
180,0.12
181,0.04
182,0.06
183,0.06
184,0.08
185,0.42
186,0.26
187,0.11
188,0.18
189,0.18
190,0.39
191,0.21
192,0.1
193,0.0
194,0.15
195,0.06
196,0.24
197,0.63
198,0.02
199,0.15
200,0.6
201,0.73
202,0.0
203,0.14
204,0.0
205,0.02
206,0.16
207,0.04
208,0.42
209,0.46
210,0.0
211,0.2
212,0.36
213,0.01
214,0.09
215,0.03
216,0.17
217,0.39
218,0.28
219,0.23
220,0.34
221,0.02
222,0.03
223,0.23
224,0.05
225,0.09
226,0.17
227,0.0
228,0.05
229,0.36
230,0.04
231,0.64
232,0.85
233,0.04
234,0.41
235,0.2
236,0.01
237,0.25
238,0.01
239,0.22
240,0.01
241,0.03
242,0.32
243,0.09
244,0.21
245,0.16
246,0.01
247,0.02
248,0.0
249,0.01
250,0.06
251,0.4
252,0.39
253,0.17
254,0.81
255,0.03
256,0.04
257,0.02
258,0.13
259,0.26
260,0.19
261,0.1
262,0.04
263,0.22
264,0.22
265,0.28
266,0.1
267,0.16
268,0.84
269,0.31
270,0.01
271,0.0
272,0.08
273,0.28
274,0.24
275,0.34
276,0.0
277,0.08
278,0.08
279,0.09
280,0.1
281,0.07
282,0.39
283,0.29
284,0.12
285,0.0
286,0.27
287,0.83
288,0.4
289,0.33
290,0.18
291,0.11
292,0.09
293,0.39
294,0.01
295,0.5
296,0.01
297,0.18
298,0.04
299,0.08
300,0.05
301,0.03
302,0.0
303,0.03
304,0.83
305,0.35
306,0.07
307,0.25
308,0.42
309,0.06
310,0.18
311,0.69
312,0.25
313,0.03
314,0.15
315,0.01
316,0.22
317,0.26
318,0.97
319,0.41
320,0.31
321,0.27
322,0.07
323,0.76
324,0.63
325,0.34
326,0.41
327,0.24
328,0.22
329,0.15
330,0.01
331,0.1
332,0.03
333,0.06
334,0.15
335,0.64
336,0.4
337,0.14
338,0.01
339,0.05
340,0.02
341,0.29
342,0.08
343,0.1
344,0.24
345,0.2
346,0.74
347,0.4
348,0.69
349,0.12
350,0.1
351,0.2
352,0.01
353,0.01
354,0.04
355,0.06
356,0.03
357,0.07
358,0.01
359,0.03
360,0.09
361,0.06
362,0.2
363,0.85
364,0.16
365,0.14
366,0.4
367,0.57
368,0.05
369,0.02
370,0.26
371,0.01
372,0.04
373,0.27
374,0.05
375,0.01
376,0.01
377,0.31
378,0.1
379,0.04
380,0.1
381,0.01
382,0.32
383,0.81
384,0.79
385,0.36
386,0.18
387,0.04
388,0.1
389,0.02
390,0.09
391,0.29
392,0.06
393,0.01
394,0.55
395,0.26
396,0.09
397,0.85
398,0.01
399,0.49
400,0.05
401,0.11
402,0.16
403,0.89
404,0.12
405,0.43
406,0.08
407,0.07
408,0.18
409,0.02
410,0.13
411,0.03
412,0.15
413,0.09
414,0.02
415,0.0
416,0.16
417,0.01
418,0.05
419,0.21
420,0.11
421,0.02
422,0.0
423,0.86
424,0.0
425,0.15
426,0.62
427,0.12
428,0.37
429,0.02
430,0.25
431,0.75
432,0.02
433,0.17
434,0.46
435,0.02
436,0.01
437,0.02
438,0.08
439,0.39
440,0.03
441,0.16
442,0.07
443,0.27
444,0.04
445,0.06
446,0.02
447,0.03
448,0.42
449,0.66
450,0.25
451,0.12
452,0.14
453,0.0
454,0.09
455,0.3
456,0.23
457,0.2
458,0.11
459,0.57
460,0.75
461,0.3
462,0.19
463,0.76
464,0.22
465,0.16
466,0.24
467,0.34
468,0.02
469,0.68
470,0.07
471,0.02
472,0.27
473,0.05
474,0.2
475,0.03
476,0.03
477,0.7
478,0.08
479,0.23
480,0.36
481,0.0
482,0.06
483,0.54
484,0.02
485,0.01
486,0.08
487,0.01
488,0.39
489,0.45
490,0.31
491,0.1
492,0.01
493,0.58
494,0.05
495,0.28
496,0.01
497,0.04
498,0.2
499,0.2
500,0.8
501,0.0
502,0.85
503,0.25
504,0.0
505,0.01
506,0.04
507,0.18
508,0.0
509,0.16
510,0.2
511,0.02
512,0.68
513,0.12
514,0.16
515,0.36
516,0.27
517,0.04
518,0.01
519,0.39
520,0.09
521,0.01
522,0.01
523,0.34
524,0.49
525,0.35
526,0.01
527,0.03
528,0.64
529,0.34
530,0.03
531,0.36
532,0.06
533,0.18
534,0.05
535,0.07
536,0.44
537,0.94
538,0.0
539,0.04
540,0.08
541,0.03
542,0.53
543,0.24
544,0.09
545,0.02
546,0.51
547,0.68
548,0.04
549,0.04
550,0.01
551,0.83
552,0.13
553,0.09
554,0.11
555,0.77
556,0.28
557,0.04
558,0.03
559,0.09
560,0.03
561,0.11
562,0.22
563,0.02
564,0.59
565,0.14
566,0.08
567,0.24
568,0.13
569,0.07
570,0.07
571,0.16
572,0.41
573,0.32
574,0.01
575,0.09
576,0.79
577,0.25
578,0.32
579,0.0
580,0.01
581,0.01
582,0.39
583,0.05
584,0.04
585,0.13
586,0.32
587,0.12
588,0.04
589,0.04
590,0.23
591,0.06
592,0.5
593,0.37
594,0.08
595,0.07
596,0.19
597,0.0
598,0.03
599,0.32
600,0.2
601,0.3
602,0.07
603,0.03
604,0.16
605,0.02
606,0.56
607,0.04
608,0.02
609,0.11
610,0.08
611,0.15
612,0.44
613,0.32
614,0.13
615,0.09
616,0.11
617,0.14
618,0.06
619,0.2
620,0.06
621,0.12
622,0.35
623,0.01
624,0.76
625,0.11
626,0.09
627,0.29
628,0.0
629,0.04
630,0.46
631,0.06
632,0.04
633,0.1
634,0.26
635,0.08
636,0.13
637,0.06
638,0.16
639,0.44
640,0.28
641,0.08
642,0.05
643,0.07
644,0.06
645,0.25
646,0.25
647,0.1
648,0.38
649,0.34
650,0.78
651,0.03
652,0.25
653,0.13
654,0.02
655,0.25
656,0.14
657,0.26
658,0.69
659,0.03
660,0.6
661,0.09
662,0.06
663,0.12
664,0.17
665,0.18
666,0.83
667,0.1
668,0.04
669,0.31
670,0.13
671,0.31
672,0.12
673,0.24
674,0.09
675,0.02
676,0.27
677,0.12
678,0.01
679,0.18
680,0.16
681,0.04
682,0.08
683,0.44
684,0.01
685,0.0
686,0.18
687,0.79
688,0.03
689,0.17
690,0.26
691,0.5
692,0.04
693,0.55
694,0.14
695,0.0
696,0.37
697,0.03
698,0.01
699,0.8
700,0.04
701,0.74
702,0.28
703,0.35
704,0.02
705,0.19
706,0.57
707,0.48
708,0.54
709,0.07
710,0.11
711,0.0
712,0.09
713,0.11
714,0.04
715,0.33
716,0.87
717,0.16
718,0.1
719,0.48
720,0.26
721,0.17
722,0.19
723,0.12
724,0.71
725,0.47
726,0.0
727,0.11
728,0.02
729,0.55
730,0.05
731,0.03
732,0.06
733,0.86
734,0.03
735,0.06
736,0.21
737,0.01
738,0.01
739,0.13
740,0.48
741,0.15
742,0.24
743,0.12
744,0.17
745,0.04
746,0.1
747,0.0
748,0.18
749,0.43
750,0.72
751,0.51
752,0.02
753,0.07
754,0.11
755,0.05
756,0.36
757,0.53
758,0.01
759,0.0
760,0.29
761,0.03
762,0.34
763,0.12
764,0.51
765,0.09
766,0.14
767,0.03
768,0.01
769,0.06
770,0.02
771,0.01
772,0.01
773,0.16
774,0.12
775,0.02
776,0.06
777,0.56
778,0.24
779,0.21
780,0.16
781,0.19
782,0.67
783,0.04
784,0.02
785,0.29
786,0.02
787,0.21
788,0.01
789,0.0
790,0.12
791,0.11
792,0.11
793,0.01
794,0.12
795,0.01
796,0.21
797,0.31
798,0.0
799,0.03
800,0.15
801,0.03
802,0.47
803,0.11
804,0.22
805,0.06
806,0.12
807,0.2
808,0.21
809,0.69
810,0.19
811,0.25
812,0.43
813,0.02
814,0.04
815,0.0
816,0.19
817,0.15
818,0.07
819,0.18
820,0.11
821,0.82
822,0.2
823,0.02
824,0.8
825,0.12
826,0.0
827,0.02
828,0.18
829,0.08
830,0.42
831,0.46
832,0.07
833,0.16
834,0.15
835,0.25
836,0.24
837,0.5
838,0.24
839,0.11
840,0.73
841,0.84
842,0.18
843,0.17
844,0.07
845,0.03
846,0.2
847,0.53
848,0.0
849,0.07
850,0.21
851,0.01
852,0.14
853,0.28
854,0.06
855,0.09
856,0.03
857,0.08
858,0.54
859,0.57
860,0.13
861,0.41
862,0.16
863,0.33
864,0.1
865,0.2
866,0.01
867,0.14
868,0.21
869,0.05
870,0.03
871,0.08
872,0.45
873,0.13
874,0.02
875,0.15
876,0.04
877,0.19
878,0.66
879,0.13
880,0.18
881,0.11
882,0.36
883,0.13
884,0.04
885,0.19
886,0.46
887,0.04
888,0.34
889,0.0
890,0.08
891,0.83
892,0.45
893,0.06
894,0.77
895,0.5
896,0.16
897,0.24
898,0.17
899,0.0
900,0.11
901,0.03
902,0.04
903,0.25
904,0.27
905,0.14
906,0.12
907,0.04
908,0.01
909,0.27
910,0.51
911,0.01
912,0.01
913,0.71
914,0.05
915,0.01
916,0.35
917,0.07
918,0.0
919,0.05
920,0.29
921,0.53
922,0.18
923,0.01
924,0.39
925,0.14
926,0.17
927,0.24
928,0.1
929,0.2
930,0.02
931,0.89
932,0.07
933,0.07
934,0.14
935,0.89
936,0.36
937,0.15
938,0.3
939,0.02
940,0.14
941,0.14
942,0.01
943,0.02
944,0.71
945,0.87
946,0.28
947,0.33
948,0.21
949,0.21
950,0.01
951,0.14
952,0.01
953,0.02
954,0.34
955,0.58
956,0.11
957,0.63
958,0.07
959,0.13
960,0.16
961,0.19
962,0.11
963,0.35
964,0.02
965,0.6
966,0.14
967,0.02
968,0.3
969,0.04
970,0.09
971,0.41
972,0.08
973,0.06
974,0.01
975,0.13
976,0.02
977,0.17
978,0.37
979,0.2
980,0.15
981,0.09
982,0.02
983,0.42
984,0.8
985,0.21
986,0.69
987,0.0
988,0.01
989,0.05
990,0.04
991,0.74
992,0.3
993,0.11
994,0.18
995,0.0
996,0.16
997,0.15
998,0.0
999,0.92
1000,0.15
1001,0.01
1002,0.04
1003,0.02
1004,0.25
1005,0.41
1006,0.03
1007,0.42
1008,0.21
1009,0.0
1010,0.0
1011,0.22
1012,0.04
1013,0.01
1014,0.17
1015,0.34
1016,0.23
1017,0.67
1018,0.24
1019,0.3
1020,0.01
1021,0.14
1022,0.08
1023,0.13
1024,0.62
1025,0.29
1026,0.78
1027,0.11
1028,0.19
1029,0.18
1030,0.0
1031,0.28
1032,0.3
1033,0.04
1034,0.42
1035,0.66
1036,0.19
1037,0.82
1038,0.27
1039,0.2
1040,0.08
1041,0.04
1042,0.08
1043,0.01
1044,0.35
1045,0.08
1046,0.31
1047,0.78
1048,0.5
1049,0.81
1050,0.02
1051,0.28
1052,0.15
1053,0.18
1054,0.01
1055,0.11
1056,0.07
1057,0.21
1058,0.21
1059,0.15
1060,0.19
1061,0.03
1062,0.03
1063,0.27
1064,0.72
1065,0.0
1066,0.01
1067,0.2
1068,0.1
1069,0.61
1070,0.2
1071,0.63
1072,0.15
1073,0.35
1074,0.07
1075,0.06
1076,0.11
1077,0.21
1078,0.64
1079,0.09
1080,0.3
1081,0.16
1082,0.06
1083,0.02
1084,0.1
1085,0.0
1086,0.06
1087,0.17
1088,0.69
1089,0.09
1090,0.1
1091,0.2
1092,0.19
1093,0.04
1094,0.09
1095,0.26
1096,0.05
1097,0.08
1098,0.04
1099,0.24
1100,0.4
1101,0.27
1102,0.31
1103,0.26
1104,0.08
1105,0.06
1106,0.15
1107,0.0
1108,0.11
1109,0.22
1110,0.02
1111,0.83
1112,0.46
1113,0.02
1114,0.02
1115,0.44
1116,0.29
1117,0.11
1118,0.2
1119,0.31
1120,0.41
1121,0.01
1122,0.18
1123,0.11
1124,0.05
1125,0.19
1126,0.13
1127,0.1
1128,0.07
1129,0.03
1130,0.22
1131,0.08
1132,0.04
1133,0.08
1134,0.11
1135,0.23
1136,0.04
1137,0.04
1138,0.07
1139,0.59
1140,0.4
1141,0.13
1142,0.0
1143,0.29
1144,0.16
1145,0.02
1146,0.05
1147,0.46
1148,0.19
1149,0.11
1150,0.03
1151,0.23
1152,0.22
1153,0.01
1154,0.09
1155,0.3
1156,0.14
1157,0.09
1158,0.29
1159,0.04
1160,0.2
1161,0.2
1162,0.09
1163,0.07
1164,0.21
1165,0.04
1166,0.33
1167,0.03
1168,0.02
1169,0.42
1170,0.08
1171,0.04
1172,0.21
1173,0.15
1174,0.45
1175,0.01
1176,0.06
1177,0.02
1178,0.03
1179,0.03
1180,0.08
1181,0.62
1182,0.04
1183,0.0
1184,0.0
1185,0.07
1186,0.06
1187,0.02
1188,0.13
1189,0.08
1190,0.19
1191,0.13
1192,0.18
1193,0.04
1194,0.21
1195,0.71
1196,0.23
1197,0.11
1198,0.11
1199,0.02
1200,0.02
1201,0.04
1202,0.23
1203,0.12
1204,0.06
1205,0.26
1206,0.06
1207,0.02
1208,0.06
1209,0.12
1210,0.0
1211,0.31
1212,0.02
1213,0.03
1214,0.06
1215,0.1
1216,0.4
1217,0.78
1218,0.13
1219,0.26
1220,0.04
1221,0.78
1222,0.02
1223,0.43
1224,0.2
1225,0.03
1226,0.42
1227,0.07
1228,0.06
1229,0.1
1230,0.04
1231,0.15
1232,0.03
1233,0.07
1234,0.15
1235,0.16
1236,0.09
1237,0.14
1238,0.25
1239,0.05
1240,0.18
1241,0.73
1242,0.23
1243,0.87
1244,0.32
1245,0.22
1246,0.48
1247,0.01
1248,0.29
1249,0.04
1250,0.12
1251,0.33
1252,0.09
1253,0.01
1254,0.57
1255,0.17
1256,0.08
1257,0.59
1258,0.61
1259,0.1
1260,0.03
1261,0.23
1262,0.1
1263,0.04
1264,0.0
1265,0.13
1266,0.15
1267,0.02
1268,0.15
1269,0.14
1270,0.28
1271,0.03
1272,0.06
1273,0.14
1274,0.08
1275,0.03
1276,0.09
1277,0.36
1278,0.09
1279,0.52
1280,0.76
1281,0.1
1282,0.94
1283,0.27
1284,0.13
1285,0.02
1286,0.02
1287,0.1
1288,0.01
1289,0.03
1290,0.28
1291,0.21
1292,0.54
1293,0.08
1294,0.05
1295,0.24
1296,0.53
1297,0.08
1298,0.01
1299,0.07
1300,0.01
1301,0.15
1302,0.19
1303,0.02
1304,0.01
1305,0.02
1306,0.41
1307,0.04
1308,0.01
1309,0.07
1310,0.1
1311,0.13
1312,0.01
1313,0.12
1314,0.0
1315,0.01
1316,0.13
1317,0.68
1318,0.09
1319,0.62
1320,0.21
1321,0.03
1322,0.35
1323,0.08
1324,0.07
1325,0.52
1326,0.25
1327,0.11
1328,0.66
1329,0.03
1330,0.16
1331,0.01
1332,0.05
1333,0.11
1334,0.23
1335,0.04
1336,0.82
1337,0.65
1338,0.3
1339,0.02
1340,0.51
1341,0.09
1342,0.41
1343,0.0
1344,0.02
1345,0.01
1346,0.44
1347,0.02
1348,0.92
1349,0.34
1350,0.09
1351,0.08
1352,0.01
1353,0.1
1354,0.06
1355,0.0
1356,0.02
1357,0.11
1358,0.8
1359,0.01
1360,0.02
1361,0.06
1362,0.13
1363,0.04
1364,0.73
1365,0.29
1366,0.51
1367,0.14
1368,0.01
1369,0.38
1370,0.0
1371,0.05
1372,0.02
1373,0.01
1374,0.39
1375,0.07
1376,0.48
1377,0.2
1378,0.03
1379,0.17
1380,0.81
1381,0.09
1382,0.16
1383,0.16
1384,0.13
1385,0.13
1386,0.5
1387,0.34
1388,0.03
1389,0.09
1390,0.01
1391,0.04
1392,0.0
1393,0.02
1394,0.01
1395,0.06
1396,0.1
1397,0.11
1398,0.67
1399,0.36
1400,0.1
1401,0.16
1402,0.01
1403,0.19
1404,0.01
1405,0.14
1406,0.14
1407,0.22
1408,0.08
1409,0.02
1410,0.02
1411,0.11
1412,0.4
1413,0.04
1414,0.26
1415,0.03
1416,0.17
1417,0.52
1418,0.09
1419,0.65
1420,0.72
1421,0.15
1422,0.04
1423,0.77
1424,0.22
1425,0.01
1426,0.12
1427,0.06
1428,0.15
1429,0.22
1430,0.14
1431,0.05
1432,0.19
1433,0.12
1434,0.04
1435,0.02
1436,0.04
1437,0.13
1438,0.13
1439,0.82
1440,0.05
1441,0.17
1442,0.36
1443,0.02
1444,0.12
1445,0.11
1446,0.07
1447,0.03
1448,0.18
1449,0.12
1450,0.1
1451,0.08
1452,0.12
1453,0.07
1454,0.47
1455,0.11
1456,0.0
1457,0.15
1458,0.06
1459,0.4
1460,0.03
1461,0.3
1462,0.06
1463,0.15
1464,0.24
1465,0.65
1466,0.83
1467,0.08
1468,0.06
1469,0.0
1470,0.12
1471,0.07
1472,0.19
1473,0.32
1474,0.03
1475,0.0
1476,0.15
1477,0.14
1478,0.77
1479,0.01
1480,0.01
1481,0.16
1482,0.07
1483,0.03
1484,0.38
1485,0.47
1486,0.28
1487,0.18
1488,0.37
1489,0.08
1490,0.0
1491,0.14
1492,0.12
1493,0.01
1494,0.01
1495,0.1
1496,0.01
1497,0.02
1498,0.07
1499,0.66
1500,0.28
1501,0.14
1502,0.49
1503,0.02
1504,0.09
1505,0.2
1506,0.01
1507,0.02
1508,0.38
1509,0.05
1510,0.23
1511,0.35
1512,0.05
1513,0.34
1514,0.05
1515,0.0
1516,0.05
1517,0.02
1518,0.16
1519,0.1
1520,0.04
1521,0.07
1522,0.81
1523,0.2
1524,0.31
1525,0.01
1526,0.12
1527,0.03
1528,0.45
1529,0.18
1530,0.56
1531,0.02
1532,0.01
1533,0.04
1534,0.15
1535,0.08
1536,0.3
1537,0.09
1538,0.06
1539,0.32
1540,0.23
1541,0.24
1542,0.57
1543,0.13
1544,0.25
1545,0.01
1546,0.32
1547,0.15
1548,0.07
1549,0.05
1550,0.04
1551,0.07
1552,0.09
1553,0.04
1554,0.33
1555,0.08
1556,0.23
1557,0.91
1558,0.02
1559,0.04
1560,0.09
1561,0.04
1562,0.26
1563,0.46
1564,0.07
1565,0.02
1566,0.51
1567,0.0
1568,0.17
1569,0.14
1570,0.11
1571,0.16
1572,0.03
1573,0.08
1574,0.61
1575,0.01
1576,0.0
1577,0.02
1578,0.76
1579,0.14
1580,0.38
1581,0.06
1582,0.28
1583,0.0
1584,0.21
1585,0.71
1586,0.25
1587,0.07
1588,0.04
1589,0.19
1590,0.13
1591,0.09
1592,0.11
1593,0.01
1594,0.65
1595,0.01
1596,0.12
1597,0.1
1598,0.43
1599,0.35
1600,0.16
1601,0.06
1602,0.15
1603,0.01
1604,0.05
1605,0.18
1606,0.02
1607,0.17
1608,0.27
1609,0.01
1610,0.05
1611,0.88
1612,0.47
1613,0.21
1614,0.78
1615,0.4
1616,0.76
1617,0.14
1618,0.62
1619,0.15
1620,0.05
1621,0.07
1622,0.61
1623,0.0
1624,0.07
1625,0.78
1626,0.0
1627,0.15
1628,0.73
1629,0.07
1630,0.1
1631,0.04
1632,0.18
1633,0.35
1634,0.07
1635,0.28
1636,0.65
1637,0.24
1638,0.03
1639,0.01
1640,0.03
1641,0.32
1642,0.02
1643,0.01
1644,0.24
1645,0.29
1646,0.01
1647,0.0
1648,0.01
1649,0.02
1650,0.01
1651,0.19
1652,0.1
1653,0.53
1654,0.19
1655,0.07
1656,0.24
1657,0.17
1658,0.47
1659,0.31
1660,0.08
1661,0.03
1662,0.33
1663,0.0
1664,0.08
1665,0.33
1666,0.19
1667,0.02
1668,0.01
1669,0.05
1670,0.14
1671,0.04
1672,0.06
1673,0.36
1674,0.12
1675,0.19
1676,0.36
1677,0.23
1678,0.44
1679,0.12
1680,0.79
1681,0.24
1682,0.14
1683,0.21
1684,0.03
1685,0.43
1686,0.03
1687,0.22
1688,0.07
1689,0.83
1690,0.14
1691,0.33
1692,0.03
1693,0.05
1694,0.06
1695,0.07
1696,0.09
1697,0.0
1698,0.13
1699,0.01
1700,0.0
1701,0.15
1702,0.18
1703,0.06
1704,0.61
1705,0.08
1706,0.11
1707,0.03
1708,0.07
1709,0.04
1710,0.02
1711,0.08
1712,0.28
1713,0.16
1714,0.25
1715,0.42
1716,0.02
1717,0.17
1718,0.62
1719,0.23
1720,0.02
1721,0.02
1722,0.16
1723,0.04
1724,0.34
1725,0.2
1726,0.07
1727,0.23
1728,0.26
1729,0.44
1730,0.07
1731,0.17
1732,0.06
1733,0.04
1734,0.06
1735,0.05
1736,0.01
1737,0.01
1738,0.15
1739,0.28
1740,0.06
1741,0.38
1742,0.0
1743,0.23
1744,0.06
1745,0.02
1746,0.17
1747,0.37
1748,0.4
1749,0.26
1750,0.47
1751,0.9
1752,0.13
1753,0.56
1754,0.12
1755,0.03
1756,0.01
1757,0.14
1758,0.27
1759,0.08
1760,0.05
1761,0.09
1762,0.71
1763,0.08
1764,0.02
1765,0.35
1766,0.29
1767,0.19
1768,0.0
1769,0.09
1770,0.16
1771,0.18
1772,0.43
1773,0.03
1774,0.0
1775,0.24
1776,0.0
1777,0.07
1778,0.09
1779,0.36
1780,0.03
1781,0.19
1782,0.17
1783,0.14
1784,0.31
1785,0.09
1786,0.79
1787,0.24
1788,0.14
1789,0.37
1790,0.89
1791,0.2
1792,0.04
1793,0.22
1794,0.4
1795,0.07
1796,0.08
1797,0.01
1798,0.39
1799,0.08
1800,0.17
1801,0.26
1802,0.15
1803,0.06
1804,0.02
1805,0.23
1806,0.04
1807,0.02
1808,0.24
1809,0.12
1810,0.03
1811,0.03
1812,0.0
1813,0.02
1814,0.35
1815,0.75
1816,0.53
1817,0.02
1818,0.24
1819,0.07
1820,0.9
1821,0.13
1822,0.79
1823,0.18
1824,0.45
1825,0.02
1826,0.11
1827,0.33
1828,0.56
1829,0.11
1830,0.0
1831,0.11
1832,0.25
1833,0.06
1834,0.25
1835,0.13
1836,0.29
1837,0.17
1838,0.16
1839,0.07
1840,0.09
1841,0.03
1842,0.15
1843,0.16
1844,0.15
1845,0.15
1846,0.09
1847,0.15
1848,0.14
1849,0.72
1850,0.32
1851,0.23
1852,0.22
1853,0.91
1854,0.11
1855,0.23
1856,0.08
1857,0.06
1858,0.09
1859,0.23
1860,0.0
1861,0.08
1862,0.15
1863,0.12
1864,0.0
1865,0.28
1866,0.17
1867,0.37
1868,0.03
1869,0.07
1870,0.75
1871,0.17
1872,0.21
1873,0.48
1874,0.05
1875,0.88
1876,0.56
1877,0.0
1878,0.0
1879,0.68
1880,0.04
1881,0.2
1882,0.01
1883,0.1
1884,0.1
1885,0.01
1886,0.87
1887,0.27
1888,0.06
1889,0.1
1890,0.03
1891,0.76
1892,0.69
1893,0.43
1894,0.02
1895,0.16
1896,0.08
1897,0.17
1898,0.08
1899,0.19
1900,0.07
1901,0.44
1902,0.14
1903,0.14
1904,0.2
1905,0.08
1906,0.23
1907,0.36
1908,0.06
1909,0.55
1910,0.01
1911,0.17
1912,0.08
1913,0.01
1914,0.07
1915,0.06
1916,0.26
1917,0.17
1918,0.52
1919,0.15
1920,0.72
1921,0.22
1922,0.02
1923,0.13
1924,0.8
1925,0.26
1926,0.02
1927,0.07
1928,0.07
1929,0.13
1930,0.06
1931,0.37
1932,0.54
1933,0.59
1934,0.03
1935,0.39
1936,0.16
1937,0.85
1938,0.82
1939,0.5
1940,0.11
1941,0.0
1942,0.2
1943,0.12
1944,0.22
1945,0.24
1946,0.16
1947,0.24
1948,0.03
1949,0.27
1950,0.0
1951,0.8
1952,0.4
1953,0.13
1954,0.03
1955,0.31
1956,0.23
1957,0.87
1958,0.01
1959,0.1
1960,0.17
1961,0.1
1962,0.07
1963,0.0
1964,0.0
1965,0.45
1966,0.14
1967,0.19
1968,0.03
1969,0.36
1970,0.01
1971,0.46
1972,0.03
1973,0.14
1974,0.28
1975,0.08
1976,0.15
1977,0.41
1978,0.38
1979,0.06
1980,0.62
1981,0.05
1982,0.26
1983,0.32
1984,0.14
1985,0.11
1986,0.45
1987,0.15
1988,0.79
1989,0.1
1990,0.79
1991,0.16
1992,0.25
1993,0.53
1994,0.15
1995,0.41
1996,0.03
1997,0.01
1998,0.01
1999,0.52
2000,0.1
2001,0.05
2002,0.31
2003,0.11
2004,0.12
2005,0.0
2006,0.82
2007,0.15
2008,0.47
2009,0.09
2010,0.64
2011,0.0
2012,0.52
2013,0.12
2014,0.02
2015,0.02
2016,0.24
2017,0.0
2018,0.19
2019,0.2
2020,0.7
2021,0.33
2022,0.1
2023,0.86
2024,0.36
2025,0.13
2026,0.03
2027,0.01
2028,0.1
2029,0.02
2030,0.19
2031,0.1
2032,0.05
2033,0.17
2034,0.04
2035,0.01
2036,0.2
2037,0.08
2038,0.65
2039,0.12
2040,0.48
2041,0.83
2042,0.09
2043,0.14
2044,0.71
2045,0.01
2046,0.07
2047,0.27
2048,0.04
2049,0.06
2050,0.01
2051,0.04
2052,0.02
2053,0.55
2054,0.01
2055,0.02
2056,0.1
2057,0.07
2058,0.02
2059,0.05
2060,0.32
2061,0.22
2062,0.16
2063,0.01
2064,0.11
2065,0.01
2066,0.33
2067,0.48
2068,0.11
2069,0.01
2070,0.22
2071,0.09
2072,0.42
2073,0.35
2074,0.45
2075,0.14
2076,0.09
2077,0.04
2078,0.18
2079,0.03
2080,0.04
2081,0.15
2082,0.08
2083,0.01
2084,0.15
2085,0.03
2086,0.76
2087,0.53
2088,0.03
2089,0.04
2090,0.17
2091,0.01
2092,0.31
2093,0.02
2094,0.25
2095,0.08
2096,0.44
2097,0.0
2098,0.2
2099,0.07
2100,0.26
2101,0.04
2102,0.37
2103,0.04
2104,0.2
2105,0.91
2106,0.31
2107,0.02
2108,0.2
2109,0.1
2110,0.02
2111,0.19
2112,0.1
2113,0.39
2114,0.63
2115,0.25
2116,0.74
2117,0.01
2118,0.47
2119,0.45
2120,0.13
2121,0.15
2122,0.14
2123,0.28
2124,0.18
2125,0.14
2126,0.3
2127,0.01
2128,0.23
2129,0.01
2130,0.02
2131,0.15
2132,0.08
2133,0.08
2134,0.11
2135,0.01
2136,0.46
2137,0.32
2138,0.01
2139,0.06
2140,0.6
2141,0.0
2142,0.12
2143,0.0
2144,0.2
2145,0.24
2146,0.18
2147,0.25
2148,0.05
2149,0.19
2150,0.15
2151,0.22
2152,0.01
2153,0.01
2154,0.57
2155,0.03
2156,0.14
2157,0.0
2158,0.09
2159,0.07
2160,0.36
2161,0.27
2162,0.77
2163,0.06
2164,0.7
2165,0.58
2166,0.52
2167,0.51
2168,0.19
2169,0.39
2170,0.33
2171,0.14
2172,0.05
2173,0.25
2174,0.14
2175,0.32
2176,0.03
2177,0.03
2178,0.54
2179,0.41
2180,0.18
2181,0.11
2182,0.31
2183,0.5
2184,0.28
2185,0.2
2186,0.04
2187,0.01
2188,0.18
2189,0.01
2190,0.07
2191,0.02
2192,0.03
2193,0.22
2194,0.22
2195,0.02
2196,0.14
2197,0.53
2198,0.35
2199,0.01
2200,0.29
2201,0.05
2202,0.31
2203,0.02
2204,0.07
2205,0.1
2206,0.2
2207,0.1
2208,0.17
2209,0.17
2210,0.51
2211,0.26
2212,0.46
2213,0.07
2214,0.05
2215,0.07
2216,0.39
2217,0.26
2218,0.16
2219,0.22
2220,0.37
2221,0.01
2222,0.35
2223,0.41
2224,0.18
2225,0.07
2226,0.04
2227,0.31
2228,0.03
2229,0.35
2230,0.02
2231,0.0
2232,0.01
2233,0.19
2234,0.11
2235,0.8
2236,0.14
2237,0.23
2238,0.09
2239,0.14
2240,0.89
2241,0.18
2242,0.17
2243,0.0
2244,0.32
2245,0.02
2246,0.41
2247,0.0
2248,0.72
2249,0.05
2250,0.11
2251,0.78
2252,0.19
2253,0.1
2254,0.05
2255,0.13
2256,0.17
2257,0.21
2258,0.17
2259,0.26
2260,0.11
2261,0.14
2262,0.33
2263,0.07
2264,0.02
2265,0.05
2266,0.11
2267,0.15
2268,0.11
2269,0.19
2270,0.05
2271,0.14
2272,0.03
2273,0.14
2274,0.08
2275,0.42
2276,0.01
2277,0.15
2278,0.03
2279,0.01
2280,0.07
2281,0.03
2282,0.03
2283,0.06
2284,0.02
2285,0.25
2286,0.13
2287,0.04
2288,0.01
2289,0.07
2290,0.25
2291,0.13
2292,0.14
2293,0.0
2294,0.05
2295,0.07
2296,0.1
2297,0.08
2298,0.3
2299,0.02
2300,0.1
2301,0.0
2302,0.08
2303,0.06
2304,0.27
2305,0.83
2306,0.05
2307,0.05
2308,0.31
2309,0.21
2310,0.01
2311,0.19
2312,0.05
2313,0.0
2314,0.06
2315,0.0
2316,0.08
2317,0.77
2318,0.35
2319,0.16
2320,0.33
2321,0.27
2322,0.0
2323,0.14
2324,0.07
2325,0.03
2326,0.04
2327,0.22
2328,0.0
2329,0.81
2330,0.22
2331,0.27
2332,0.07
2333,0.31
2334,0.05
2335,0.05
2336,0.67
2337,0.04
2338,0.11
2339,0.08
2340,0.07
2341,0.15
2342,0.9
2343,0.47
2344,0.04
2345,0.02
2346,0.01
2347,0.35
2348,0.79
2349,0.03
2350,0.01
2351,0.18
2352,0.02
2353,0.44
2354,0.01
2355,0.37
2356,0.0
2357,0.16
2358,0.05
2359,0.01
2360,0.07
2361,0.11
2362,0.7
2363,0.02
2364,0.05
2365,0.88
2366,0.07
2367,0.38
2368,0.37
2369,0.18
2370,0.05
2371,0.0
2372,0.14
2373,0.29
2374,0.5
2375,0.17
2376,0.07
2377,0.25
2378,0.47
2379,0.0
2380,0.02
2381,0.29
2382,0.01
2383,0.04
2384,0.18
2385,0.0
2386,0.09
2387,0.69
2388,0.8
2389,0.1
2390,0.06
2391,0.05
2392,0.21
2393,0.25
2394,0.19
2395,0.04
2396,0.37
2397,0.15
2398,0.08
2399,0.08
2400,0.45
2401,0.16
2402,0.09
2403,0.25
2404,0.54
2405,0.15
2406,0.12
2407,0.37
2408,0.01
2409,0.73
2410,0.05
2411,0.41
2412,0.3
2413,0.12
2414,0.11
2415,0.25
2416,0.41
2417,0.12
2418,0.03
2419,0.19
2420,0.23
2421,0.01
2422,0.09
2423,0.07
2424,0.11
2425,0.2
2426,0.02
2427,0.09
2428,0.09
2429,0.1
2430,0.05
2431,0.03
2432,0.02
2433,0.07
2434,0.21
2435,0.14
2436,0.01
2437,0.04
2438,0.15
2439,0.25
2440,0.16
2441,0.01
2442,0.09
2443,0.05
2444,0.25
2445,0.47
2446,0.39
2447,0.03
2448,0.12
2449,0.11
2450,0.07
2451,0.24
2452,0.21
2453,0.02
2454,0.34
2455,0.02
2456,0.86
2457,0.06
2458,0.0
2459,0.02
2460,0.3
2461,0.18
2462,0.18
2463,0.02
2464,0.13
2465,0.1
2466,0.2
2467,0.5
2468,0.3
2469,0.07
2470,0.08
2471,0.04
2472,0.28
2473,0.52
2474,0.04
2475,0.74
2476,0.52
2477,0.24
2478,0.03
2479,0.16
2480,0.11
2481,0.22
2482,0.77
2483,0.21
2484,0.59
2485,0.02
2486,0.49
2487,0.2
2488,0.12
2489,0.12
2490,0.08
2491,0.48
2492,0.36
2493,0.0
2494,0.01
2495,0.81
2496,0.09
2497,0.06
2498,0.05
2499,0.0
2500,0.65
2501,0.25
2502,0.46
2503,0.47
2504,0.02
2505,0.28
2506,0.3
2507,0.04
2508,0.02
2509,0.06
2510,0.01
2511,0.2
2512,0.55
2513,0.04
2514,0.44
2515,0.0
2516,0.02
2517,0.02
2518,0.1
2519,0.02
2520,0.71
2521,0.07
2522,0.49
2523,0.07
2524,0.15
2525,0.14
2526,0.67
2527,0.12
2528,0.07
2529,0.12
2530,0.01
2531,0.12
2532,0.0
2533,0.04
2534,0.71
2535,0.8
2536,0.02
2537,0.01
2538,0.02
2539,0.01
2540,0.92
2541,0.22
2542,0.07
2543,0.04
2544,0.19
2545,0.77
2546,0.2
2547,0.04
2548,0.08
2549,0.24
2550,0.16
2551,0.06
2552,0.55
2553,0.09
2554,0.0
2555,0.1
2556,0.14
2557,0.28
2558,0.01
2559,0.21
2560,0.14
2561,0.04
2562,0.0
2563,0.13
2564,0.79
2565,0.33
2566,0.08
2567,0.39
2568,0.21
2569,0.14
2570,0.13
2571,0.11
2572,0.02
2573,0.05
2574,0.16
2575,0.8
2576,0.25
2577,0.02
2578,0.09
2579,0.01
2580,0.19
2581,0.12
2582,0.39
2583,0.05
2584,0.01
2585,0.78
2586,0.51
2587,0.08
2588,0.54
2589,0.48
2590,0.48
2591,0.16
2592,0.05
2593,0.04
2594,0.02
2595,0.34
2596,0.01
2597,0.75
2598,0.19
2599,0.02
2600,0.01
2601,0.02
2602,0.6
2603,0.14
2604,0.09
2605,0.06
2606,0.08
2607,0.12
2608,0.1
2609,0.03
2610,0.26
2611,0.35
2612,0.01
2613,0.14
2614,0.08
2615,0.05
2616,0.26
2617,0.03
2618,0.22
2619,0.01
2620,0.08
2621,0.17
2622,0.21
2623,0.0
2624,0.36
2625,0.32
2626,0.01
2627,0.0
2628,0.0
2629,0.45
2630,0.77
2631,0.29
2632,0.0
2633,0.19
2634,0.02
2635,0.11
2636,0.09
2637,0.12
2638,0.01
2639,0.29
2640,0.16
2641,0.28
2642,0.08
2643,0.27
2644,0.27
2645,0.32
2646,0.04
2647,0.02
2648,0.18
2649,0.05
2650,0.01
2651,0.06
2652,0.07
2653,0.0
2654,0.05
2655,0.05
2656,0.34
2657,0.01
2658,0.01
2659,0.73
2660,0.35
2661,0.01
2662,0.07
2663,0.19
2664,0.36
2665,0.49
2666,0.29
2667,0.82
2668,0.14
2669,0.34
2670,0.0
2671,0.4
2672,0.11
2673,0.01
2674,0.79
2675,0.23
2676,0.49
2677,0.34
2678,0.15
2679,0.19
2680,0.2
2681,0.22
2682,0.0
2683,0.23
2684,0.02
2685,0.02
2686,0.02
2687,0.23
2688,0.41
2689,0.45
2690,0.43
2691,0.02
2692,0.04
2693,0.14
2694,0.1
2695,0.09
2696,0.4
2697,0.2
2698,0.19
2699,0.72
2700,0.6
2701,0.31
2702,0.0
2703,0.07
2704,0.27
2705,0.11
2706,0.03
2707,0.14
2708,0.66
2709,0.0
2710,0.25
2711,0.16
2712,0.19
2713,0.3
2714,0.13
2715,0.1
2716,0.05
2717,0.12
2718,0.33
2719,0.14
2720,0.45
2721,0.23
2722,0.22
2723,0.75
2724,0.26
2725,0.0
2726,0.03
2727,0.27
2728,0.11
2729,0.03
2730,0.86
2731,0.03
2732,0.24
2733,0.19
2734,0.01
2735,0.2
2736,0.11
2737,0.04
2738,0.08
2739,0.09
2740,0.33
2741,0.19
2742,0.01
2743,0.03
2744,0.37
2745,0.06
2746,0.02
2747,0.4
2748,0.17
2749,0.47
2750,0.11
2751,0.36
2752,0.03
2753,0.0
2754,0.1
2755,0.05
2756,0.24
2757,0.07
2758,0.12
2759,0.1
2760,0.13
2761,0.12
2762,0.02
2763,0.14
2764,0.14
2765,0.87
2766,0.11
2767,0.28
2768,0.1
2769,0.29
2770,0.05
2771,0.03
2772,0.27
2773,0.37
2774,0.03
2775,0.1
2776,0.22
2777,0.04
2778,0.28
2779,0.05
2780,0.77
2781,0.05
2782,0.11
2783,0.08
2784,0.08
2785,0.0
2786,0.21
2787,0.42
2788,0.04
2789,0.01
2790,0.07
2791,0.01
2792,0.29
2793,0.3
2794,0.67
2795,0.62
2796,0.06
2797,0.04
2798,0.21
2799,0.02
2800,0.36
2801,0.15
2802,0.11
2803,0.61
2804,0.15
2805,0.03
2806,0.04
2807,0.03
2808,0.02
2809,0.12
2810,0.02
2811,0.02
2812,0.85
2813,0.2
2814,0.11
2815,0.04
2816,0.45
2817,0.06
2818,0.52
2819,0.04
2820,0.31
2821,0.46
2822,0.06
2823,0.15
2824,0.02
2825,0.11
2826,0.1
2827,0.56
2828,0.14
2829,0.24
2830,0.32
2831,0.0
2832,0.2
2833,0.57
2834,0.21
2835,0.01
2836,0.09
2837,0.11
2838,0.08
2839,0.29
2840,0.57
2841,0.19
2842,0.24
2843,0.11
2844,0.05
2845,0.01
2846,0.07
2847,0.24
2848,0.3
2849,0.44
2850,0.13
2851,0.02
2852,0.06
2853,0.05
2854,0.01
2855,0.11
2856,0.22
2857,0.62
2858,0.04
2859,0.36
2860,0.68
2861,0.07
2862,0.03
2863,0.22
2864,0.21
2865,0.15
2866,0.48
2867,0.35
2868,0.18
2869,0.05
2870,0.74
2871,0.61
2872,0.35
2873,0.01
2874,0.03
2875,0.04
2876,0.5
2877,0.29
2878,0.25
2879,0.33
2880,0.08
2881,0.06
2882,0.01
2883,0.01
2884,0.01
2885,0.05
2886,0.34
2887,0.12
2888,0.29
2889,0.16
2890,0.36
2891,0.01
2892,0.06
2893,0.34
2894,0.1
2895,0.0
2896,0.07
2897,0.02
2898,0.05
2899,0.06
2900,0.04
2901,0.07
2902,0.39
2903,0.11
2904,0.0
2905,0.02
2906,0.52
2907,0.14
2908,0.85
2909,0.0
2910,0.06
2911,0.06
2912,0.02
2913,0.4
2914,0.29
2915,0.48
2916,0.14
2917,0.26
2918,0.01
2919,0.05
2920,0.05
2921,0.02
2922,0.88
2923,0.17
2924,0.05
2925,0.34
2926,0.35
2927,0.75
2928,0.32
2929,0.28
2930,0.11
2931,0.11
2932,0.48
2933,0.0
2934,0.01
2935,0.5
2936,0.32
2937,0.11
2938,0.08
2939,0.18
2940,0.03
2941,0.71
2942,0.05
2943,0.05
2944,0.02
2945,0.11
2946,0.07
2947,0.46
2948,0.01
2949,0.3
2950,0.85
2951,0.17
2952,0.1
2953,0.67
2954,0.03
2955,0.21
2956,0.1
2957,0.02
2958,0.07
2959,0.14
2960,0.03
2961,0.2
2962,0.26
2963,0.0
2964,0.05
2965,0.05
2966,0.0
2967,0.11
2968,0.21
2969,0.21
2970,0.15
2971,0.31
2972,0.22
2973,0.31
2974,0.11
2975,0.04
2976,0.02
2977,0.07
2978,0.41
2979,0.17
2980,0.07
2981,0.13
2982,0.32
2983,0.12
2984,0.27
2985,0.18
2986,0.03
2987,0.51
2988,0.11
2989,0.02
2990,0.2
2991,0.15
2992,0.03
2993,0.05
2994,0.29
2995,0.13
2996,0.21
2997,0.14
2998,0.13
2999,0.01
3000,0.72
3001,0.44
3002,0.42
3003,0.07
3004,0.57
3005,0.11
3006,0.29
3007,0.05
3008,0.27
3009,0.09
3010,0.0
3011,0.02
3012,0.04
3013,0.01
3014,0.19
3015,0.17
3016,0.12
3017,0.15
3018,0.11
3019,0.62
3020,0.1
3021,0.12
3022,0.1
3023,0.23
3024,0.69
3025,0.08
3026,0.16
3027,0.04
3028,0.18
3029,0.01
3030,0.05
3031,0.02
3032,0.01
3033,0.19
3034,0.02
3035,0.04
3036,0.08
3037,0.09
3038,0.6
3039,0.15
3040,0.77
3041,0.15
3042,0.01
3043,0.24
3044,0.26
3045,0.1
3046,0.05
3047,0.11
3048,0.73
3049,0.17
3050,0.03
3051,0.03
3052,0.43
3053,0.01
3054,0.36
3055,0.78
3056,0.63
3057,0.62
3058,0.08
3059,0.61
3060,0.18
3061,0.77
3062,0.02
3063,0.61
3064,0.34
3065,0.24
3066,0.09
3067,0.83
3068,0.14
3069,0.05
3070,0.61
3071,0.01
3072,0.08
3073,0.32
3074,0.05
3075,0.0
3076,0.0
3077,0.02
3078,0.03
3079,0.0
3080,0.09
3081,0.24
3082,0.03
3083,0.05
3084,0.08
3085,0.02
3086,0.47
3087,0.05
3088,0.04
3089,0.53
3090,0.41
3091,0.01
3092,0.43
3093,0.05
3094,0.04
3095,0.14
3096,0.35
3097,0.09
3098,0.12
3099,0.14
3100,0.19
3101,0.07
3102,0.1
3103,0.41
3104,0.01
3105,0.06
3106,0.01
3107,0.0
3108,0.11
3109,0.12
3110,0.07
3111,0.36
3112,0.81
3113,0.15
3114,0.06
3115,0.02
3116,0.05
3117,0.14
3118,0.12
3119,0.07
3120,0.19
3121,0.01
3122,0.01
3123,0.03
3124,0.08
3125,0.04
3126,0.27
3127,0.74
3128,0.21
3129,0.47
3130,0.07
3131,0.08
3132,0.07
3133,0.3
3134,0.36
3135,0.54
3136,0.02
3137,0.6
3138,0.27
3139,0.01
3140,0.0
3141,0.22
3142,0.63
3143,0.62
3144,0.03
3145,0.12
3146,0.0
3147,0.6
3148,0.58
3149,0.07
3150,0.0
3151,0.46
3152,0.38
3153,0.0
3154,0.48
3155,0.24
3156,0.68
3157,0.21
3158,0.05
3159,0.03
3160,0.03
3161,0.04
3162,0.26
3163,0.02
3164,0.33
3165,0.01
3166,0.17
3167,0.52
3168,0.11
3169,0.15
3170,0.4
3171,0.0
3172,0.07
3173,0.1
3174,0.03
3175,0.1
3176,0.19
3177,0.14
3178,0.16
3179,0.32
3180,0.06
3181,0.05
3182,0.12
3183,0.0
3184,0.22
3185,0.01
3186,0.02
3187,0.64
3188,0.04
3189,0.17
3190,0.03
3191,0.24
3192,0.11
3193,0.43
3194,0.0
3195,0.74
3196,0.0
3197,0.13
3198,0.21
3199,0.42
3200,0.5
3201,0.04
3202,0.22
3203,0.02
3204,0.19
3205,0.1
3206,0.85
3207,0.0
3208,0.03
3209,0.76
3210,0.4
3211,0.74
3212,0.12
3213,0.11
3214,0.6
3215,0.35
3216,0.03
3217,0.03
3218,0.22
3219,0.11
3220,0.07
3221,0.13
3222,0.27
3223,0.19
3224,0.33
3225,0.05
3226,0.16
3227,0.06
3228,0.09
3229,0.38
3230,0.24
3231,0.05
3232,0.0
3233,0.19
3234,0.02
3235,0.31
3236,0.03
3237,0.02
3238,0.12
3239,0.07
3240,0.19
3241,0.0
3242,0.34
3243,0.0
3244,0.38
3245,0.58
3246,0.32
3247,0.01
3248,0.08
3249,0.29
3250,0.06
3251,0.05
3252,0.7
3253,0.24
3254,0.13
3255,0.03
3256,0.28
3257,0.43
3258,0.56
3259,0.69
3260,0.22
3261,0.01
3262,0.23
3263,0.17
3264,0.54
3265,0.12
3266,0.03
3267,0.12
3268,0.01
3269,0.06
3270,0.02
3271,0.04
3272,0.24
3273,0.0
3274,0.03
3275,0.02
3276,0.13
3277,0.01
3278,0.16
3279,0.35
3280,0.03
3281,0.22
3282,0.1
3283,0.22
3284,0.68
3285,0.23
3286,0.07
3287,0.12
3288,0.03
3289,0.21
3290,0.03
3291,0.09
3292,0.04
3293,0.01
3294,0.18
3295,0.15
3296,0.17
3297,0.1
3298,0.38
3299,0.78
3300,0.08
3301,0.55
3302,0.32
3303,0.51
3304,0.09
3305,0.08
3306,0.04
3307,0.41
3308,0.07
3309,0.03
3310,0.01
3311,0.13
3312,0.53
3313,0.03
3314,0.11
3315,0.92
3316,0.04
3317,0.04
3318,0.17
3319,0.01
3320,0.06
3321,0.49
3322,0.18
3323,0.14
3324,0.74
3325,0.07
3326,0.04
3327,0.04
3328,0.04
3329,0.5
3330,0.08
3331,0.11
3332,0.01
3333,0.19
3334,0.02
3335,0.22
3336,0.03
3337,0.06
3338,0.0
3339,0.02
3340,0.3
3341,0.07
3342,0.02
3343,0.0
3344,0.31
3345,0.05
3346,0.24
3347,0.11
3348,0.16
3349,0.25
3350,0.06
3351,0.31
3352,0.02
3353,0.13
3354,0.09
3355,0.06
3356,0.02
3357,0.03
3358,0.43
3359,0.48
3360,0.03
3361,0.14
3362,0.22
3363,0.03
3364,0.11
3365,0.09
3366,0.02
3367,0.27
3368,0.02
3369,0.07
3370,0.08
3371,0.27
3372,0.16
3373,0.33
3374,0.05
3375,0.09
3376,0.02
3377,0.23
3378,0.03
3379,0.07
3380,0.18
3381,0.04
3382,0.04
3383,0.24
3384,0.06
3385,0.09
3386,0.43
3387,0.0
3388,0.08
3389,0.07
3390,0.95
3391,0.53
3392,0.12
3393,0.19
3394,0.46
3395,0.02
3396,0.04
3397,0.1
3398,0.17
3399,0.14
3400,0.79
3401,0.01
3402,0.54
3403,0.89
3404,0.24
3405,0.57
3406,0.2
3407,0.03
3408,0.02
3409,0.47
3410,0.69
3411,0.25
3412,0.12
3413,0.42
3414,0.34
3415,0.01
3416,0.02
3417,0.02
3418,0.02
3419,0.1
3420,0.02
3421,0.0
3422,0.87
3423,0.0
3424,0.08
3425,0.06
3426,0.09
3427,0.3
3428,0.05
3429,0.29
3430,0.08
3431,0.17
3432,0.12
3433,0.3
3434,0.35
3435,0.11
3436,0.07
3437,0.24
3438,0.22
3439,0.01
3440,0.27
3441,0.05
3442,0.11
3443,0.05
3444,0.2
3445,0.48
3446,0.16
3447,0.2
3448,0.01
3449,0.05
3450,0.02
3451,0.12
3452,0.0
3453,0.06
3454,0.27
3455,0.23
3456,0.92
3457,0.01
3458,0.08
3459,0.0
3460,0.13
3461,0.25
3462,0.03
3463,0.08
3464,0.08
3465,0.01
3466,0.07
3467,0.27
3468,0.21
3469,0.31
3470,0.77
3471,0.02
3472,0.03
3473,0.01
3474,0.09
3475,0.12
3476,0.08
3477,0.01
3478,0.14
3479,0.05
3480,0.02
3481,0.67
3482,0.09
3483,0.02
3484,0.15
3485,0.87
3486,0.19
3487,0.07
3488,0.04
3489,0.08
3490,0.17
3491,0.21
3492,0.04
3493,0.58
3494,0.03
3495,0.01
3496,0.34
3497,0.18
3498,0.87
3499,0.04
3500,0.04
